{
  "int":3,
  "float":32.4241124,
  "string":"skhdad7sakdas",
  "string2":"423423",
  "array":[1,2,3],
  "obj":{
    "a":1,
    "b":2,
    "obj":{
      "a":1.23432,
      "b":223432.234234232
    }
  }
}